<?xml version="1.0" encoding="UTF-8"?>
<project-private xmlns="http://www.netbeans.org/ns/project-private/1">
    <editor-bookmarks xmlns="http://www.netbeans.org/ns/editor-bookmarks/2" lastBookmarkId="0"/>
    <open-files xmlns="http://www.netbeans.org/ns/projectui-open-files/2">
        <group>
            <file>file:/D:/Dokuments/MUHAMMAD%20ILHAM/Politeknik%20Negeri%20Jember/Semester%201/NetBeans/Grafik%20User%20Interface%20Java/GBrandApplication/src/main/panelHome.java</file>
            <file>file:/D:/Dokuments/MUHAMMAD%20ILHAM/Politeknik%20Negeri%20Jember/Semester%201/NetBeans/Grafik%20User%20Interface%20Java/GBrandApplication/src/system/panelProfile.java</file>
            <file>file:/D:/Dokuments/MUHAMMAD%20ILHAM/Politeknik%20Negeri%20Jember/Semester%201/NetBeans/Grafik%20User%20Interface%20Java/GBrandApplication/src/main/access/ujiCoba.java</file>
            <file>file:/D:/Dokuments/MUHAMMAD%20ILHAM/Politeknik%20Negeri%20Jember/Semester%201/NetBeans/Grafik%20User%20Interface%20Java/GBrandApplication/src/system/massage/list/dialogListKategoriBarang.java</file>
            <file>file:/D:/Dokuments/MUHAMMAD%20ILHAM/Politeknik%20Negeri%20Jember/Semester%201/NetBeans/Grafik%20User%20Interface%20Java/GBrandApplication/src/report/StrukPembelian.jrxml</file>
            <file>file:/D:/Dokuments/MUHAMMAD%20ILHAM/Politeknik%20Negeri%20Jember/Semester%201/NetBeans/Grafik%20User%20Interface%20Java/GBrandApplication/src/main/panelSetting.java</file>
            <file>file:/D:/Dokuments/MUHAMMAD%20ILHAM/Politeknik%20Negeri%20Jember/Semester%201/NetBeans/Grafik%20User%20Interface%20Java/GBrandApplication/src/main/panelSkemaPenjualan.java</file>
            <file>file:/D:/Dokuments/MUHAMMAD%20ILHAM/Politeknik%20Negeri%20Jember/Semester%201/NetBeans/Grafik%20User%20Interface%20Java/GBrandApplication/src/main/test.java</file>
            <file>file:/D:/Dokuments/MUHAMMAD%20ILHAM/Politeknik%20Negeri%20Jember/Semester%201/NetBeans/Grafik%20User%20Interface%20Java/GBrandApplication/src/main/panelDashboard.java</file>
            <file>file:/D:/Dokuments/MUHAMMAD%20ILHAM/Politeknik%20Negeri%20Jember/Semester%201/NetBeans/Grafik%20User%20Interface%20Java/GBrandApplication/src/main/panelTransaksi.java</file>
            <file>file:/D:/Dokuments/MUHAMMAD%20ILHAM/Politeknik%20Negeri%20Jember/Semester%201/NetBeans/Grafik%20User%20Interface%20Java/GBrandApplication/src/main/access/panelLaporan.java</file>
            <file>file:/D:/Dokuments/MUHAMMAD%20ILHAM/Politeknik%20Negeri%20Jember/Semester%201/NetBeans/Grafik%20User%20Interface%20Java/GBrandApplication/src/main/gbrandapplication.java</file>
            <file>file:/D:/Dokuments/MUHAMMAD%20ILHAM/Politeknik%20Negeri%20Jember/Semester%201/NetBeans/Grafik%20User%20Interface%20Java/GBrandApplication/src/main/access/panelManagementAkun.java</file>
        </group>
    </open-files>
</project-private>
